{"cameraMode":{"drawMode":0,"name":"Shaded","section":"Shading Mode"},"sceneLighting":true,"audioPlay":false,"sceneViewState":{"m_AlwaysRefresh":false,"showFog":true,"showSkybox":true,"showFlares":true,"showImageEffects":true,"showParticleSystems":true,"showVisualEffectGraphs":true,"m_FxEnabled":true},"in2DMode":false,"pivot":{"x":6.602640628814697,"y":7.2531208992004398,"z":-30.601974487304689},"rotation":{"x":0.09383436292409897,"y":-0.43259841203689577,"z":0.0453270822763443,"w":0.8955463767051697},"size":13.656743049621582,"orthographic":true}