{"cameraMode":{"drawMode":0,"name":"Shaded","section":"Shading Mode"},"sceneLighting":true,"audioPlay":false,"sceneViewState":{"m_AlwaysRefresh":false,"showFog":true,"showSkybox":true,"showFlares":true,"showImageEffects":true,"showParticleSystems":true,"showVisualEffectGraphs":true,"m_FxEnabled":true},"in2DMode":false,"pivot":{"x":478.8892517089844,"y":286.0566711425781,"z":81.32080078125},"rotation":{"x":0.04737982526421547,"y":-0.0029967816080898048,"z":0.00014209792425390333,"w":0.9988739490509033},"size":403.64154052734377,"orthographic":true}