{"cameraMode":{"drawMode":0,"name":"Shaded","section":"Shading Mode"},"sceneLighting":true,"audioPlay":false,"sceneViewState":{"m_AlwaysRefresh":false,"showFog":true,"showSkybox":true,"showFlares":true,"showImageEffects":true,"showParticleSystems":true,"showVisualEffectGraphs":true,"m_FxEnabled":true},"in2DMode":false,"pivot":{"x":7.353409767150879,"y":-1.8277578353881837,"z":5.6479315757751469},"rotation":{"x":0.20149853825569154,"y":0.5695130825042725,"z":-0.14649957418441773,"w":0.7833208441734314},"size":9.344873428344727,"orthographic":false}